{"cameraMode":{"drawMode":0,"name":"Shaded","section":"Shading Mode"},"sceneLighting":false,"audioPlay":false,"sceneViewState":{"m_AlwaysRefresh":false,"showFog":true,"showSkybox":false,"showFlares":true,"showImageEffects":true,"showParticleSystems":true,"showVisualEffectGraphs":true,"m_FxEnabled":true},"in2DMode":false,"pivot":{"x":0.6130781769752502,"y":-0.08802086114883423,"z":1.6256184577941895},"rotation":{"x":-0.12745502591133119,"y":-0.15054582059383393,"z":0.019577356055378915,"w":-0.9801612496376038},"size":2.3576576709747316,"orthographic":false}