{"cameraMode":{"drawMode":0,"name":"Shaded","section":"Shading Mode"},"sceneLighting":false,"audioPlay":false,"sceneViewState":{"m_AlwaysRefresh":false,"showFog":true,"showSkybox":false,"showFlares":true,"showImageEffects":true,"showParticleSystems":true,"showVisualEffectGraphs":true,"m_FxEnabled":true},"in2DMode":false,"pivot":{"x":-0.036222875118255618,"y":0.18231847882270814,"z":-0.009339332580566407},"rotation":{"x":-0.015308595262467862,"y":-0.005402020178735256,"z":0.00008311118290293962,"w":-0.9998718500137329},"size":1.137406826019287,"orthographic":false}